Timestamp,Value
2023-12-22 12:37:48.195,909
2023-12-22 12:37:48.203,903
2023-12-22 12:37:48.215,906
2023-12-22 12:37:48.223,901
2023-12-22 12:37:48.235,884
2023-12-22 12:37:48.244,854
2023-12-22 12:37:48.256,812
2023-12-22 12:37:48.264,763
2023-12-22 12:37:48.276,709
2023-12-22 12:37:48.285,654
2023-12-22 12:37:48.297,600
2023-12-22 12:37:48.305,549
2023-12-22 12:37:48.317,510
2023-12-22 12:37:48.326,473
2023-12-22 12:37:48.338,441
2023-12-22 12:37:48.346,416
2023-12-22 12:37:48.358,395
2023-12-22 12:37:48.367,378
2023-12-22 12:37:48.379,366
2023-12-22 12:37:48.387,357
2023-12-22 12:37:48.399,352
2023-12-22 12:37:48.408,353
2023-12-22 12:37:48.420,359
2023-12-22 12:37:48.428,369
2023-12-22 12:37:48.440,385
2023-12-22 12:37:48.448,405
2023-12-22 12:37:48.461,428
2023-12-22 12:37:48.469,453
2023-12-22 12:37:48.481,479
2023-12-22 12:37:48.489,503
2023-12-22 12:37:48.502,524
2023-12-22 12:37:48.510,541
2023-12-22 12:37:48.522,551
2023-12-22 12:37:48.530,557
2023-12-22 12:37:48.543,555
2023-12-22 12:37:48.555,549
2023-12-22 12:37:48.563,538
2023-12-22 12:37:48.575,523
2023-12-22 12:37:48.584,504
2023-12-22 12:37:48.596,485
2023-12-22 12:37:48.604,466
2023-12-22 12:37:48.616,448
2023-12-22 12:37:48.625,430
2023-12-22 12:37:48.637,413
2023-12-22 12:37:48.645,400
2023-12-22 12:37:48.657,390
2023-12-22 12:37:48.666,382
2023-12-22 12:37:48.678,377
2023-12-22 12:37:48.686,373
2023-12-22 12:37:48.698,372
2023-12-22 12:37:48.706,371
2023-12-22 12:37:48.719,373
2023-12-22 12:37:48.727,376
2023-12-22 12:37:48.739,379
2023-12-22 12:37:48.747,383
2023-12-22 12:37:48.760,390
2023-12-22 12:37:48.768,396
2023-12-22 12:37:48.780,402
2023-12-22 12:37:48.788,408
2023-12-22 12:37:48.801,415
2023-12-22 12:37:48.809,418
2023-12-22 12:37:48.821,423
2023-12-22 12:37:48.829,425
2023-12-22 12:37:48.842,428
2023-12-22 12:37:48.850,429
2023-12-22 12:37:48.862,431
2023-12-22 12:37:48.870,431
2023-12-22 12:37:48.883,432
2023-12-22 12:37:48.891,433
2023-12-22 12:37:48.903,434
2023-12-22 12:37:48.911,434
2023-12-22 12:37:48.924,436
2023-12-22 12:37:48.932,436
2023-12-22 12:37:48.944,437
2023-12-22 12:37:48.952,442
2023-12-22 12:37:48.965,450
2023-12-22 12:37:48.973,468
2023-12-22 12:37:48.985,499
2023-12-22 12:37:48.993,545
2023-12-22 12:37:49.006,607
2023-12-22 12:37:49.014,671
2023-12-22 12:37:49.026,748
2023-12-22 12:37:49.034,828
2023-12-22 12:37:49.046,901
2023-12-22 12:37:49.055,910
2023-12-22 12:37:49.067,910
2023-12-22 12:37:49.075,911
2023-12-22 12:37:49.087,911
2023-12-22 12:37:49.096,911
2023-12-22 12:37:49.108,911
2023-12-22 12:37:49.116,911
2023-12-22 12:37:49.128,911
2023-12-22 12:37:49.137,911
2023-12-22 12:37:49.149,868
2023-12-22 12:37:49.157,792
2023-12-22 12:37:49.169,715
2023-12-22 12:37:49.178,639
2023-12-22 12:37:49.190,567
2023-12-22 12:37:49.198,512
2023-12-22 12:37:49.210,458
2023-12-22 12:37:49.218,410
2023-12-22 12:37:49.231,369
2023-12-22 12:37:49.239,335
2023-12-22 12:37:49.251,310
2023-12-22 12:37:49.259,290
2023-12-22 12:37:49.272,279
2023-12-22 12:37:49.280,276
2023-12-22 12:37:49.292,282
2023-12-22 12:37:49.304,295
2023-12-22 12:37:49.313,315
2023-12-22 12:37:49.325,341
2023-12-22 12:37:49.333,372
2023-12-22 12:37:49.345,405
2023-12-22 12:37:49.354,439
2023-12-22 12:37:49.366,471
2023-12-22 12:37:49.374,499
2023-12-22 12:37:49.386,524
2023-12-22 12:37:49.395,543
2023-12-22 12:37:49.407,557
2023-12-22 12:37:49.415,565
2023-12-22 12:37:49.427,566
2023-12-22 12:37:49.436,561
2023-12-22 12:37:49.448,552
2023-12-22 12:37:49.456,538
2023-12-22 12:37:49.468,522
2023-12-22 12:37:49.476,505
2023-12-22 12:37:49.489,486
2023-12-22 12:37:49.497,468
2023-12-22 12:37:49.509,451
2023-12-22 12:37:49.517,435
2023-12-22 12:37:49.530,420
2023-12-22 12:37:49.538,407
2023-12-22 12:37:49.550,397
2023-12-22 12:37:49.558,389
2023-12-22 12:37:49.571,382
2023-12-22 12:37:49.579,378
2023-12-22 12:37:49.591,377
2023-12-22 12:37:49.599,376
2023-12-22 12:37:49.612,377
2023-12-22 12:37:49.620,379
2023-12-22 12:37:49.632,380
2023-12-22 12:37:49.640,385
2023-12-22 12:37:49.653,389
2023-12-22 12:37:49.661,393
2023-12-22 12:37:49.673,396
2023-12-22 12:37:49.681,399
2023-12-22 12:37:49.694,402
2023-12-22 12:37:49.702,404
2023-12-22 12:37:49.714,407
2023-12-22 12:37:49.722,411
2023-12-22 12:37:49.734,413
2023-12-22 12:37:49.743,416
2023-12-22 12:37:49.755,419
2023-12-22 12:37:49.763,421
2023-12-22 12:37:49.775,423
2023-12-22 12:37:49.784,424
2023-12-22 12:37:49.796,425
2023-12-22 12:37:49.804,425
2023-12-22 12:37:49.816,424
2023-12-22 12:37:49.825,423
2023-12-22 12:37:49.837,424
2023-12-22 12:37:49.845,427
2023-12-22 12:37:49.857,436
2023-12-22 12:37:49.866,453
2023-12-22 12:37:49.878,483
2023-12-22 12:37:49.886,530
2023-12-22 12:37:49.898,594
2023-12-22 12:37:49.907,664
2023-12-22 12:37:49.919,748
2023-12-22 12:37:49.927,837
2023-12-22 12:37:49.939,910
2023-12-22 12:37:49.947,911
2023-12-22 12:37:49.960,911
2023-12-22 12:37:49.968,911
2023-12-22 12:37:49.980,911
2023-12-22 12:37:49.988,911
2023-12-22 12:37:50.001,911
2023-12-22 12:37:50.013,911
2023-12-22 12:37:50.021,911
2023-12-22 12:37:50.033,911
2023-12-22 12:37:50.042,911
2023-12-22 12:37:50.054,874
2023-12-22 12:37:50.062,786
2023-12-22 12:37:50.074,696
2023-12-22 12:37:50.083,611
2023-12-22 12:37:50.095,534
2023-12-22 12:37:50.103,475
2023-12-22 12:37:50.115,422
2023-12-22 12:37:50.124,376
2023-12-22 12:37:50.136,340
2023-12-22 12:37:50.144,312
2023-12-22 12:37:50.156,295
2023-12-22 12:37:50.165,287
2023-12-22 12:37:50.177,288
2023-12-22 12:37:50.185,298
2023-12-22 12:37:50.197,316
2023-12-22 12:37:50.205,341
2023-12-22 12:37:50.218,369
2023-12-22 12:37:50.226,402
2023-12-22 12:37:50.238,435
2023-12-22 12:37:50.246,467
2023-12-22 12:37:50.259,495
2023-12-22 12:37:50.267,521
2023-12-22 12:37:50.279,541
2023-12-22 12:37:50.287,554
2023-12-22 12:37:50.300,562
2023-12-22 12:37:50.308,563
2023-12-22 12:37:50.320,555
2023-12-22 12:37:50.328,544
2023-12-22 12:37:50.341,529
2023-12-22 12:37:50.349,510
2023-12-22 12:37:50.361,490
2023-12-22 12:37:50.369,471
2023-12-22 12:37:50.382,452
2023-12-22 12:37:50.390,434
2023-12-22 12:37:50.402,419
2023-12-22 12:37:50.410,405
2023-12-22 12:37:50.423,393
2023-12-22 12:37:50.431,383
2023-12-22 12:37:50.443,377
2023-12-22 12:37:50.451,372
2023-12-22 12:37:50.464,368
2023-12-22 12:37:50.472,368
2023-12-22 12:37:50.484,368
2023-12-22 12:37:50.492,370
2023-12-22 12:37:50.505,372
2023-12-22 12:37:50.513,377
2023-12-22 12:37:50.525,380
2023-12-22 12:37:50.533,385
2023-12-22 12:37:50.545,389
2023-12-22 12:37:50.554,395
2023-12-22 12:37:50.566,399
2023-12-22 12:37:50.574,403
2023-12-22 12:37:50.586,407
2023-12-22 12:37:50.595,410
2023-12-22 12:37:50.607,412
2023-12-22 12:37:50.615,415
2023-12-22 12:37:50.627,418
2023-12-22 12:37:50.636,419
2023-12-22 12:37:50.648,419
2023-12-22 12:37:50.656,420
2023-12-22 12:37:50.668,420
2023-12-22 12:37:50.677,419
2023-12-22 12:37:50.689,418
2023-12-22 12:37:50.697,417
2023-12-22 12:37:50.709,416
2023-12-22 12:37:50.717,419
2023-12-22 12:37:50.730,428
2023-12-22 12:37:50.742,446
2023-12-22 12:37:50.750,477
2023-12-22 12:37:50.763,525
2023-12-22 12:37:50.771,592
2023-12-22 12:37:50.783,663
2023-12-22 12:37:50.791,749
2023-12-22 12:37:50.803,838
2023-12-22 12:37:50.812,910
2023-12-22 12:37:50.824,911
2023-12-22 12:37:50.832,911
2023-12-22 12:37:50.844,911
2023-12-22 12:37:50.853,911
2023-12-22 12:37:50.865,911
2023-12-22 12:37:50.873,911
2023-12-22 12:37:50.885,911
2023-12-22 12:37:50.893,911
2023-12-22 12:37:50.906,911
2023-12-22 12:37:50.914,910
2023-12-22 12:37:50.926,819
2023-12-22 12:37:50.934,727
2023-12-22 12:37:50.947,638
2023-12-22 12:37:50.955,554
2023-12-22 12:37:50.967,489
2023-12-22 12:37:50.976,428
2023-12-22 12:37:50.988,376
2023-12-22 12:37:50.996,335
2023-12-22 12:37:51.008,304
2023-12-22 12:37:51.016,283
2023-12-22 12:37:51.029,271
2023-12-22 12:37:51.037,269
2023-12-22 12:37:51.049,276
2023-12-22 12:37:51.057,292
2023-12-22 12:37:51.070,315
2023-12-22 12:37:51.078,345
2023-12-22 12:37:51.090,376
2023-12-22 12:37:51.098,411
2023-12-22 12:37:51.111,445
2023-12-22 12:37:51.119,477
2023-12-22 12:37:51.131,506
2023-12-22 12:37:51.139,531
2023-12-22 12:37:51.152,549
2023-12-22 12:37:51.160,559
2023-12-22 12:37:51.172,564
2023-12-22 12:37:51.180,562
2023-12-22 12:37:51.193,553
2023-12-22 12:37:51.201,539
2023-12-22 12:37:51.213,520
2023-12-22 12:37:51.222,501
2023-12-22 12:37:51.233,481
2023-12-22 12:37:51.242,459
2023-12-22 12:37:51.254,439
2023-12-22 12:37:51.262,420
2023-12-22 12:37:51.274,405
2023-12-22 12:37:51.283,393
2023-12-22 12:37:51.295,383
2023-12-22 12:37:51.303,375
2023-12-22 12:37:51.316,368
2023-12-22 12:37:51.324,365
2023-12-22 12:37:51.336,365
2023-12-22 12:37:51.344,367
2023-12-22 12:37:51.356,371
2023-12-22 12:37:51.365,377
2023-12-22 12:37:51.377,383
2023-12-22 12:37:51.385,388
2023-12-22 12:37:51.397,395
2023-12-22 12:37:51.406,402
2023-12-22 12:37:51.418,408
2023-12-22 12:37:51.426,412
2023-12-22 12:37:51.438,417
2023-12-22 12:37:51.446,421
2023-12-22 12:37:51.459,424
2023-12-22 12:37:51.471,426
2023-12-22 12:37:51.479,429
2023-12-22 12:37:51.491,427
2023-12-22 12:37:51.500,426
2023-12-22 12:37:51.512,426
2023-12-22 12:37:51.520,426
2023-12-22 12:37:51.532,428
2023-12-22 12:37:51.541,435
2023-12-22 12:37:51.553,452
2023-12-22 12:37:51.561,482
2023-12-22 12:37:51.573,528
2023-12-22 12:37:51.582,590
2023-12-22 12:37:51.594,661
2023-12-22 12:37:51.602,748
2023-12-22 12:37:51.615,838
2023-12-22 12:37:51.623,910
2023-12-22 12:37:51.635,911
2023-12-22 12:37:51.643,911
2023-12-22 12:37:51.655,911
2023-12-22 12:37:51.664,911
2023-12-22 12:37:51.676,911
2023-12-22 12:37:51.684,911
2023-12-22 12:37:51.696,911
2023-12-22 12:37:51.704,911
2023-12-22 12:37:51.717,911
2023-12-22 12:37:51.725,910
2023-12-22 12:37:51.737,817
2023-12-22 12:37:51.745,723
2023-12-22 12:37:51.758,632
2023-12-22 12:37:51.766,550
2023-12-22 12:37:51.779,483
2023-12-22 12:37:51.786,422
2023-12-22 12:37:51.799,370
2023-12-22 12:37:51.807,328
2023-12-22 12:37:51.819,297
2023-12-22 12:37:51.827,273
2023-12-22 12:37:51.840,261
2023-12-22 12:37:51.848,258
2023-12-22 12:37:51.860,267
2023-12-22 12:37:51.868,284
2023-12-22 12:37:51.881,309
2023-12-22 12:37:51.889,340
2023-12-22 12:37:51.901,376
2023-12-22 12:37:51.909,413
2023-12-22 12:37:51.922,451
2023-12-22 12:37:51.930,486
2023-12-22 12:37:51.942,516
2023-12-22 12:37:51.950,541
2023-12-22 12:37:51.963,558
2023-12-22 12:37:51.971,568
2023-12-22 12:37:51.983,570
2023-12-22 12:37:51.991,565
2023-12-22 12:37:52.003,556
2023-12-22 12:37:52.012,542
2023-12-22 12:37:52.024,523
2023-12-22 12:37:52.032,503
2023-12-22 12:37:52.044,481
2023-12-22 12:37:52.053,459
2023-12-22 12:37:52.065,437
2023-12-22 12:37:52.073,419
2023-12-22 12:37:52.085,401
2023-12-22 12:37:52.094,386
2023-12-22 12:37:52.106,376
2023-12-22 12:37:52.114,367
2023-12-22 12:37:52.126,363
2023-12-22 12:37:52.135,361
2023-12-22 12:37:52.147,362
2023-12-22 12:37:52.155,365
2023-12-22 12:37:52.167,370
2023-12-22 12:37:52.175,375
2023-12-22 12:37:52.188,382
2023-12-22 12:37:52.196,388
2023-12-22 12:37:52.208,394
2023-12-22 12:37:52.221,400
2023-12-22 12:37:52.229,405
2023-12-22 12:37:52.241,408
2023-12-22 12:37:52.249,411
2023-12-22 12:37:52.261,413
2023-12-22 12:37:52.270,414
2023-12-22 12:37:52.282,414
2023-12-22 12:37:52.290,414
2023-12-22 12:37:52.302,418
2023-12-22 12:37:52.311,426
2023-12-22 12:37:52.324,444
2023-12-22 12:37:52.333,477
2023-12-22 12:37:52.343,524
2023-12-22 12:37:52.352,590
2023-12-22 12:37:52.364,664
2023-12-22 12:37:52.372,753
2023-12-22 12:37:52.384,846
2023-12-22 12:37:52.393,911
2023-12-22 12:37:52.405,911
2023-12-22 12:37:52.413,911
2023-12-22 12:37:52.425,911
2023-12-22 12:37:52.434,911
2023-12-22 12:37:52.446,911
2023-12-22 12:37:52.454,911
2023-12-22 12:37:52.466,911
2023-12-22 12:37:52.474,911
2023-12-22 12:37:52.487,911
2023-12-22 12:37:52.495,911
2023-12-22 12:37:52.507,830
2023-12-22 12:37:52.515,735
2023-12-22 12:37:52.528,641
2023-12-22 12:37:52.536,554
2023-12-22 12:37:52.548,484
2023-12-22 12:37:52.556,421
2023-12-22 12:37:52.569,367
2023-12-22 12:37:52.577,323
2023-12-22 12:37:52.589,290
2023-12-22 12:37:52.597,266
2023-12-22 12:37:52.610,254
2023-12-22 12:37:52.618,252
2023-12-22 12:37:52.630,260
2023-12-22 12:37:52.638,277
2023-12-22 12:37:52.651,304
2023-12-22 12:37:52.659,336
2023-12-22 12:37:52.671,371
2023-12-22 12:37:52.679,409
2023-12-22 12:37:52.691,447
2023-12-22 12:37:52.700,483
2023-12-22 12:37:52.712,513
2023-12-22 12:37:52.720,538
2023-12-22 12:37:52.732,556
2023-12-22 12:37:52.741,567
2023-12-22 12:37:52.753,569
2023-12-22 12:37:52.761,566
2023-12-22 12:37:52.773,556
2023-12-22 12:37:52.782,542
2023-12-22 12:37:52.794,523
2023-12-22 12:37:52.802,501
2023-12-22 12:37:52.815,478
2023-12-22 12:37:52.823,457
2023-12-22 12:37:52.835,436
2023-12-22 12:37:52.843,417
2023-12-22 12:37:52.855,401
2023-12-22 12:37:52.864,388
2023-12-22 12:37:52.876,377
2023-12-22 12:37:52.884,369
2023-12-22 12:37:52.896,362
2023-12-22 12:37:52.904,360
2023-12-22 12:37:52.917,361
2023-12-22 12:37:52.929,362
2023-12-22 12:37:52.937,365
2023-12-22 12:37:52.950,369
2023-12-22 12:37:52.958,376
2023-12-22 12:37:52.970,382
2023-12-22 12:37:52.978,389
2023-12-22 12:37:52.990,396
2023-12-22 12:37:52.999,402
2023-12-22 12:37:53.011,408
2023-12-22 12:37:53.019,412
2023-12-22 12:37:53.031,415
2023-12-22 12:37:53.040,417
2023-12-22 12:37:53.052,418
2023-12-22 12:37:53.060,419
2023-12-22 12:37:53.072,418
2023-12-22 12:37:53.081,418
2023-12-22 12:37:53.093,421
2023-12-22 12:37:53.101,431
2023-12-22 12:37:53.114,451
2023-12-22 12:37:53.122,487
2023-12-22 12:37:53.134,542
2023-12-22 12:37:53.142,615
2023-12-22 12:37:53.154,697
2023-12-22 12:37:53.162,792
2023-12-22 12:37:53.175,891
2023-12-22 12:37:53.183,911
2023-12-22 12:37:53.195,911
2023-12-22 12:37:53.204,911
2023-12-22 12:37:53.216,911
2023-12-22 12:37:53.246,911
2023-12-22 12:37:53.253,911
2023-12-22 12:37:53.255,911
2023-12-22 12:37:53.258,911
2023-12-22 12:37:53.265,911
2023-12-22 12:37:53.277,911
2023-12-22 12:37:53.285,911
2023-12-22 12:37:53.298,895
2023-12-22 12:37:53.306,795
2023-12-22 12:37:53.318,694
2023-12-22 12:37:53.326,599
2023-12-22 12:37:53.339,514
2023-12-22 12:37:53.347,448
2023-12-22 12:37:53.359,387
2023-12-22 12:37:53.367,337
2023-12-22 12:37:53.380,297
2023-12-22 12:37:53.388,271
2023-12-22 12:37:53.400,256
2023-12-22 12:37:53.408,253
2023-12-22 12:37:53.421,259
2023-12-22 12:37:53.429,278
2023-12-22 12:37:53.441,306
2023-12-22 12:37:53.449,339
2023-12-22 12:37:53.462,376
2023-12-22 12:37:53.470,416
2023-12-22 12:37:53.482,454
2023-12-22 12:37:53.490,490
2023-12-22 12:37:53.502,520
2023-12-22 12:37:53.511,545
2023-12-22 12:37:53.523,561
2023-12-22 12:37:53.531,571
2023-12-22 12:37:53.543,571
2023-12-22 12:37:53.552,565
2023-12-22 12:37:53.564,552
2023-12-22 12:37:53.572,536
2023-12-22 12:37:53.584,515
2023-12-22 12:37:53.593,491
2023-12-22 12:37:53.605,467
2023-12-22 12:37:53.613,445
2023-12-22 12:37:53.625,424
2023-12-22 12:37:53.634,405
2023-12-22 12:37:53.646,389
2023-12-22 12:37:53.658,377
2023-12-22 12:37:53.666,365
2023-12-22 12:37:53.679,358
2023-12-22 12:37:53.687,354
2023-12-22 12:37:53.699,354
2023-12-22 12:37:53.707,356
2023-12-22 12:37:53.719,359
2023-12-22 12:37:53.728,365
2023-12-22 12:37:53.740,370
2023-12-22 12:37:53.748,378
2023-12-22 12:37:53.761,387
2023-12-22 12:37:53.769,393
2023-12-22 12:37:53.781,400
2023-12-22 12:37:53.789,407
2023-12-22 12:37:53.801,413
2023-12-22 12:37:53.810,418
2023-12-22 12:37:53.822,421
2023-12-22 12:37:53.830,425
2023-12-22 12:37:53.842,429
2023-12-22 12:37:53.851,431
2023-12-22 12:37:53.863,434
2023-12-22 12:37:53.871,435
2023-12-22 12:37:53.883,436
2023-12-22 12:37:53.891,436
2023-12-22 12:37:53.904,434
2023-12-22 12:37:53.912,432
2023-12-22 12:37:53.924,430
2023-12-22 12:37:53.932,428
2023-12-22 12:37:53.945,427
2023-12-22 12:37:53.953,429
2023-12-22 12:37:53.965,439
2023-12-22 12:37:53.973,459
2023-12-22 12:37:53.986,496
2023-12-22 12:37:53.994,554
2023-12-22 12:37:54.006,631
2023-12-22 12:37:54.014,718
2023-12-22 12:37:54.027,821
2023-12-22 12:37:54.036,911
2023-12-22 12:37:54.050,911
2023-12-22 12:37:54.057,911
2023-12-22 12:37:54.068,911
2023-12-22 12:37:54.076,911
2023-12-22 12:37:54.088,911
2023-12-22 12:37:54.096,911
2023-12-22 12:37:54.109,911
2023-12-22 12:37:54.117,911
2023-12-22 12:37:54.129,911
2023-12-22 12:37:54.137,911
2023-12-22 12:37:54.150,911
2023-12-22 12:37:54.158,911
2023-12-22 12:37:54.170,891
2023-12-22 12:37:54.178,786
2023-12-22 12:37:54.191,682
2023-12-22 12:37:54.199,587
2023-12-22 12:37:54.211,503
2023-12-22 12:37:54.219,438
2023-12-22 12:37:54.232,381
2023-12-22 12:37:54.240,333
2023-12-22 12:37:54.252,299
2023-12-22 12:37:54.260,276
2023-12-22 12:37:54.272,266
2023-12-22 12:37:54.281,268
2023-12-22 12:37:54.293,281
2023-12-22 12:37:54.301,304
2023-12-22 12:37:54.314,337
2023-12-22 12:37:54.322,374
2023-12-22 12:37:54.334,415
2023-12-22 12:37:54.342,455
2023-12-22 12:37:54.354,492
2023-12-22 12:37:54.363,523
2023-12-22 12:37:54.375,549
2023-12-22 12:37:54.383,567
2023-12-22 12:37:54.395,577
2023-12-22 12:37:54.407,577
2023-12-22 12:37:54.416,571
2023-12-22 12:37:54.428,558
2023-12-22 12:37:54.436,539
2023-12-22 12:37:54.449,517
2023-12-22 12:37:54.457,494
2023-12-22 12:37:54.469,468
2023-12-22 12:37:54.477,444
2023-12-22 12:37:54.490,424
2023-12-22 12:37:54.498,404
2023-12-22 12:37:54.510,387
2023-12-22 12:37:54.518,373
2023-12-22 12:37:54.530,363
2023-12-22 12:37:54.539,356
2023-12-22 12:37:54.551,352
2023-12-22 12:37:54.562,351
2023-12-22 12:37:54.571,352
2023-12-22 12:37:54.580,356
2023-12-22 12:37:54.592,362
2023-12-22 12:37:54.600,368
2023-12-22 12:37:54.613,375
2023-12-22 12:37:54.621,383
2023-12-22 12:37:54.633,390
2023-12-22 12:37:54.641,397
2023-12-22 12:37:54.653,403
2023-12-22 12:37:54.661,409
2023-12-22 12:37:54.674,414
2023-12-22 12:37:54.682,420
2023-12-22 12:37:54.694,424
2023-12-22 12:37:54.702,428
2023-12-22 12:37:54.715,431
2023-12-22 12:37:54.723,431
2023-12-22 12:37:54.735,433
2023-12-22 12:37:54.743,433
2023-12-22 12:37:54.756,434
2023-12-22 12:37:54.764,434
2023-12-22 12:37:54.776,433
2023-12-22 12:37:54.784,433
2023-12-22 12:37:54.797,431
2023-12-22 12:37:54.805,427
2023-12-22 12:37:54.817,426
2023-12-22 12:37:54.825,424
2023-12-22 12:37:54.838,428
2023-12-22 12:37:54.846,437
2023-12-22 12:37:54.858,461
2023-12-22 12:37:54.866,500
2023-12-22 12:37:54.879,561
2023-12-22 12:37:54.887,641
2023-12-22 12:37:54.899,732
2023-12-22 12:37:54.907,836
2023-12-22 12:37:54.920,911
2023-12-22 12:37:54.928,911
2023-12-22 12:37:54.940,911
2023-12-22 12:37:54.948,911
2023-12-22 12:37:54.961,911
2023-12-22 12:37:54.969,911
2023-12-22 12:37:54.981,911
2023-12-22 12:37:54.989,911
2023-12-22 12:37:55.001,911
2023-12-22 12:37:55.010,911
2023-12-22 12:37:55.022,911
2023-12-22 12:37:55.030,911
2023-12-22 12:37:55.042,911
2023-12-22 12:37:55.051,828
2023-12-22 12:37:55.063,722
2023-12-22 12:37:55.071,622
2023-12-22 12:37:55.083,530
2023-12-22 12:37:55.092,459
2023-12-22 12:37:55.104,395
2023-12-22 12:37:55.116,343
2023-12-22 12:37:55.133,304
2023-12-22 12:37:55.137,275
2023-12-22 12:37:55.148,259
2023-12-22 12:37:55.169,258
2023-12-22 12:37:55.181,269
2023-12-22 12:37:55.184,289
2023-12-22 12:37:55.186,320
2023-12-22 12:37:55.198,357
2023-12-22 12:37:55.214,399
2023-12-22 12:37:55.219,441
2023-12-22 12:37:55.227,482
2023-12-22 12:37:55.239,518
2023-12-22 12:37:55.247,549
2023-12-22 12:37:55.259,571
2023-12-22 12:37:55.268,583
2023-12-22 12:37:55.280,578
2023-12-22 12:37:55.288,579
2023-12-22 12:37:55.300,568
2023-12-22 12:37:55.309,551
2023-12-22 12:37:55.321,529
2023-12-22 12:37:55.329,504
2023-12-22 12:37:55.341,479
2023-12-22 12:37:55.350,454
2023-12-22 12:37:55.362,430
2023-12-22 12:37:55.370,408
2023-12-22 12:37:55.382,390
2023-12-22 12:37:55.391,376
2023-12-22 12:37:55.403,365
2023-12-22 12:37:55.411,356
2023-12-22 12:37:55.423,352
2023-12-22 12:37:55.432,352
2023-12-22 12:37:55.444,353
2023-12-22 12:37:55.452,357
2023-12-22 12:37:55.464,363
2023-12-22 12:37:55.472,371
2023-12-22 12:37:55.485,380
2023-12-22 12:37:55.493,388
2023-12-22 12:37:55.505,396
2023-12-22 12:37:55.513,404
2023-12-22 12:37:55.526,411
2023-12-22 12:37:55.534,417
2023-12-22 12:37:55.546,422
2023-12-22 12:37:55.554,426
2023-12-22 12:37:55.567,429
2023-12-22 12:37:55.575,431
2023-12-22 12:37:55.587,433
2023-12-22 12:37:55.595,433
2023-12-22 12:37:55.608,433
2023-12-22 12:37:55.616,432
2023-12-22 12:37:55.628,431
2023-12-22 12:37:55.636,429
2023-12-22 12:37:55.649,427
2023-12-22 12:37:55.657,424
2023-12-22 12:37:55.669,423
2023-12-22 12:37:55.677,420
2023-12-22 12:37:55.690,419
2023-12-22 12:37:55.698,416
2023-12-22 12:37:55.713,418
2023-12-22 12:37:55.728,422
2023-12-22 12:37:55.731,436
2023-12-22 12:37:55.739,463
2023-12-22 12:37:55.751,509
2023-12-22 12:37:55.759,578
2023-12-22 12:37:55.771,667
2023-12-22 12:37:55.780,767
2023-12-22 12:37:55.792,879
2023-12-22 12:37:55.800,911
2023-12-22 12:37:55.812,911
2023-12-22 12:37:55.821,911
2023-12-22 12:37:55.833,911
2023-12-22 12:37:55.845,911
2023-12-22 12:37:55.853,911
2023-12-22 12:37:55.866,911
2023-12-22 12:37:55.874,911
2023-12-22 12:37:55.886,911
2023-12-22 12:37:55.894,911
2023-12-22 12:37:55.907,911
2023-12-22 12:37:55.915,911
2023-12-22 12:37:55.927,911
2023-12-22 12:37:55.935,911
2023-12-22 12:37:55.948,881
2023-12-22 12:37:55.956,777
2023-12-22 12:37:55.968,675
2023-12-22 12:37:55.976,581
2023-12-22 12:37:55.989,501
2023-12-22 12:37:55.997,437
2023-12-22 12:37:56.009,381
2023-12-22 12:37:56.017,335
2023-12-22 12:37:56.030,303
2023-12-22 12:37:56.038,284
2023-12-22 12:37:56.050,279
2023-12-22 12:37:56.058,287
2023-12-22 12:37:56.070,305
2023-12-22 12:37:56.079,334
2023-12-22 12:37:56.091,369
2023-12-22 12:37:56.099,406
2023-12-22 12:37:56.111,444
2023-12-22 12:37:56.120,480
2023-12-22 12:37:56.132,513
2023-12-22 12:37:56.140,536
2023-12-22 12:37:56.152,552
2023-12-22 12:37:56.161,561
2023-12-22 12:37:56.173,563
2023-12-22 12:37:56.181,555
2023-12-22 12:37:56.193,541
2023-12-22 12:37:56.201,523
2023-12-22 12:37:56.214,501
2023-12-22 12:37:56.230,477
2023-12-22 12:37:56.244,453
2023-12-22 12:37:56.246,429
2023-12-22 12:37:56.255,408
2023-12-22 12:37:56.263,389
2023-12-22 12:37:56.275,375
2023-12-22 12:37:56.283,362
2023-12-22 12:37:56.296,352
2023-12-22 12:37:56.304,346
2023-12-22 12:37:56.316,343
2023-12-22 12:37:56.324,343
2023-12-22 12:37:56.337,346
2023-12-22 12:37:56.345,350
2023-12-22 12:37:56.357,356
2023-12-22 12:37:56.365,362
2023-12-22 12:37:56.378,370
2023-12-22 12:37:56.386,378
2023-12-22 12:37:56.398,384
2023-12-22 12:37:56.406,390
2023-12-22 12:37:56.419,395
2023-12-22 12:37:56.427,400
2023-12-22 12:37:56.439,405
2023-12-22 12:37:56.447,408
2023-12-22 12:37:56.459,411
2023-12-22 12:37:56.468,413
2023-12-22 12:37:56.480,416
2023-12-22 12:37:56.488,418
2023-12-22 12:37:56.500,420
2023-12-22 12:37:56.509,422
2023-12-22 12:37:56.521,425
2023-12-22 12:37:56.529,426
2023-12-22 12:37:56.541,428
2023-12-22 12:37:56.550,430
2023-12-22 12:37:56.562,431
2023-12-22 12:37:56.570,432
2023-12-22 12:37:56.582,432
2023-12-22 12:37:56.595,432
2023-12-22 12:37:56.603,431
2023-12-22 12:37:56.615,427
2023-12-22 12:37:56.623,424
2023-12-22 12:37:56.636,420
2023-12-22 12:37:56.644,421
2023-12-22 12:37:56.656,427
2023-12-22 12:37:56.664,442
2023-12-22 12:37:56.677,474
2023-12-22 12:37:56.685,527
2023-12-22 12:37:56.697,603
2023-12-22 12:37:56.705,691
2023-12-22 12:37:56.718,799
2023-12-22 12:37:56.726,910
2023-12-22 12:37:56.739,911
2023-12-22 12:37:56.755,911
2023-12-22 12:37:56.760,911
2023-12-22 12:37:56.767,911
2023-12-22 12:37:56.779,911
2023-12-22 12:37:56.787,911
2023-12-22 12:37:56.800,911
2023-12-22 12:37:56.808,911
2023-12-22 12:37:56.820,911
2023-12-22 12:37:56.828,911
2023-12-22 12:37:56.840,911
2023-12-22 12:37:56.849,911
2023-12-22 12:37:56.861,911
2023-12-22 12:37:56.869,839
2023-12-22 12:37:56.881,735
2023-12-22 12:37:56.890,637
2023-12-22 12:37:56.902,550
2023-12-22 12:37:56.910,481
2023-12-22 12:37:56.922,421
2023-12-22 12:37:56.931,369
2023-12-22 12:37:56.943,329
2023-12-22 12:37:56.951,301
2023-12-22 12:37:56.963,287
2023-12-22 12:37:56.972,283
2023-12-22 12:37:56.984,291
2023-12-22 12:37:56.992,308
2023-12-22 12:37:57.004,335
2023-12-22 12:37:57.012,366
2023-12-22 12:37:57.025,401
2023-12-22 12:37:57.033,436
2023-12-22 12:37:57.045,469
2023-12-22 12:37:57.053,499
2023-12-22 12:37:57.066,520
2023-12-22 12:37:57.074,535
2023-12-22 12:37:57.086,543
2023-12-22 12:37:57.094,542
2023-12-22 12:37:57.107,534
2023-12-22 12:37:57.115,519
2023-12-22 12:37:57.127,499
2023-12-22 12:37:57.135,476
2023-12-22 12:37:57.148,451
2023-12-22 12:37:57.156,427
2023-12-22 12:37:57.168,404
2023-12-22 12:37:57.176,383
2023-12-22 12:37:57.189,366
2023-12-22 12:37:57.197,352
2023-12-22 12:37:57.209,342
2023-12-22 12:37:57.217,334
2023-12-22 12:37:57.235,329
2023-12-22 12:37:57.250,326
2023-12-22 12:37:57.252,328
2023-12-22 12:37:57.258,331
2023-12-22 12:37:57.273,335
2023-12-22 12:37:57.279,342
2023-12-22 12:37:57.291,348
2023-12-22 12:37:57.299,355
2023-12-22 12:37:57.311,365
2023-12-22 12:37:57.324,373
2023-12-22 12:37:57.332,380
2023-12-22 12:37:57.344,388
2023-12-22 12:37:57.352,395
2023-12-22 12:37:57.365,400
2023-12-22 12:37:57.373,404
2023-12-22 12:37:57.385,409
2023-12-22 12:37:57.393,411
2023-12-22 12:37:57.406,414
2023-12-22 12:37:57.414,417
2023-12-22 12:37:57.426,417
2023-12-22 12:37:57.434,417
2023-12-22 12:37:57.447,416
2023-12-22 12:37:57.455,416
2023-12-22 12:37:57.467,416
2023-12-22 12:37:57.475,414
2023-12-22 12:37:57.488,414
2023-12-22 12:37:57.496,413
2023-12-22 12:37:57.508,410
2023-12-22 12:37:57.516,407
2023-12-22 12:37:57.528,404
2023-12-22 12:37:57.537,404
2023-12-22 12:37:57.549,402
2023-12-22 12:37:57.557,402
2023-12-22 12:37:57.569,409
2023-12-22 12:37:57.578,423
2023-12-22 12:37:57.590,452
2023-12-22 12:37:57.598,500
2023-12-22 12:37:57.610,569
2023-12-22 12:37:57.619,658
2023-12-22 12:37:57.631,756
2023-12-22 12:37:57.639,864
2023-12-22 12:37:57.651,911
2023-12-22 12:37:57.660,911
2023-12-22 12:37:57.672,911
2023-12-22 12:37:57.680,911
2023-12-22 12:37:57.693,911
2023-12-22 12:37:57.709,911
2023-12-22 12:37:57.721,911
2023-12-22 12:37:57.726,911
2023-12-22 12:37:57.733,911
2023-12-22 12:37:57.741,911
2023-12-22 12:37:57.754,911
2023-12-22 12:37:57.762,911
2023-12-22 12:37:57.774,876
2023-12-22 12:37:57.782,770
2023-12-22 12:37:57.795,666
2023-12-22 12:37:57.803,570
2023-12-22 12:37:57.815,493
2023-12-22 12:37:57.823,423
2023-12-22 12:37:57.836,364
2023-12-22 12:37:57.844,318
2023-12-22 12:37:57.856,285
2023-12-22 12:37:57.864,264
2023-12-22 12:37:57.877,256
2023-12-22 12:37:57.885,261
2023-12-22 12:37:57.897,279
2023-12-22 12:37:57.905,306
2023-12-22 12:37:57.918,341
2023-12-22 12:37:57.926,381
2023-12-22 12:37:57.938,424
2023-12-22 12:37:57.946,465
2023-12-22 12:37:57.959,502
2023-12-22 12:37:57.967,533
2023-12-22 12:37:57.979,558
2023-12-22 12:37:57.987,574
2023-12-22 12:37:57.999,580
2023-12-22 12:37:58.008,577
2023-12-22 12:37:58.020,566
2023-12-22 12:37:58.032,549
2023-12-22 12:37:58.040,528
2023-12-22 12:37:58.053,502
2023-12-22 12:37:58.061,477
2023-12-22 12:37:58.073,450
2023-12-22 12:37:58.081,425
2023-12-22 12:37:58.094,403
2023-12-22 12:37:58.102,383
2023-12-22 12:37:58.114,368
2023-12-22 12:37:58.122,356
2023-12-22 12:37:58.135,347
2023-12-22 12:37:58.143,342
2023-12-22 12:37:58.155,341
2023-12-22 12:37:58.163,342
2023-12-22 12:37:58.176,345
2023-12-22 12:37:58.197,349
2023-12-22 12:37:58.199,356
2023-12-22 12:37:58.206,363
2023-12-22 12:37:58.217,371
2023-12-22 12:37:58.225,379
2023-12-22 12:37:58.237,386
2023-12-22 12:37:58.245,393
2023-12-22 12:37:58.258,399
2023-12-22 12:37:58.266,405
2023-12-22 12:37:58.278,410
2023-12-22 12:37:58.286,415
2023-12-22 12:37:58.298,419
2023-12-22 12:37:58.307,421
2023-12-22 12:37:58.319,425
2023-12-22 12:37:58.327,426
2023-12-22 12:37:58.339,426
2023-12-22 12:37:58.348,426
2023-12-22 12:37:58.360,425
2023-12-22 12:37:58.368,426
2023-12-22 12:37:58.380,427
2023-12-22 12:37:58.389,428
2023-12-22 12:37:58.401,427
2023-12-22 12:37:58.409,429
2023-12-22 12:37:58.421,429
2023-12-22 12:37:58.430,428
2023-12-22 12:37:58.442,427
2023-12-22 12:37:58.450,426
2023-12-22 12:37:58.462,422
2023-12-22 12:37:58.470,419
2023-12-22 12:37:58.483,416
2023-12-22 12:37:58.491,415
2023-12-22 12:37:58.503,414
2023-12-22 12:37:58.512,419
2023-12-22 12:37:58.524,432
2023-12-22 12:37:58.532,459
2023-12-22 12:37:58.544,504
2023-12-22 12:37:58.552,572
2023-12-22 12:37:58.565,663
2023-12-22 12:37:58.573,766
2023-12-22 12:37:58.585,884
2023-12-22 12:37:58.593,911
2023-12-22 12:37:58.612,911
2023-12-22 12:37:58.627,911
2023-12-22 12:37:58.632,911
2023-12-22 12:37:58.639,912
2023-12-22 12:37:58.647,911
2023-12-22 12:37:58.655,911
2023-12-22 12:37:58.667,911
2023-12-22 12:37:58.675,911
2023-12-22 12:37:58.688,911
2023-12-22 12:37:58.696,911
2023-12-22 12:37:58.708,911
2023-12-22 12:37:58.716,911
2023-12-22 12:37:58.728,911
2023-12-22 12:37:58.737,911
2023-12-22 12:37:58.749,888
2023-12-22 12:37:58.757,778
2023-12-22 12:37:58.769,672
2023-12-22 12:37:58.782,574
2023-12-22 12:37:58.790,492
2023-12-22 12:37:58.802,419
2023-12-22 12:37:58.810,359
2023-12-22 12:37:58.823,315
2023-12-22 12:37:58.831,288
2023-12-22 12:37:58.843,280
2023-12-22 12:37:58.851,288
2023-12-22 12:37:58.864,308
2023-12-22 12:37:58.872,341
2023-12-22 12:37:58.884,381
2023-12-22 12:37:58.892,425
2023-12-22 12:37:58.905,469
2023-12-22 12:37:58.913,506
2023-12-22 12:37:58.925,538
2023-12-22 12:37:58.933,558
2023-12-22 12:37:58.946,571
2023-12-22 12:37:58.954,573
2023-12-22 12:37:58.966,567
2023-12-22 12:37:58.974,552
2023-12-22 12:37:58.986,531
2023-12-22 12:37:58.995,504
2023-12-22 12:37:59.007,477
2023-12-22 12:37:59.015,446
2023-12-22 12:37:59.028,417
2023-12-22 12:37:59.054,387
2023-12-22 12:37:59.059,357
2023-12-22 12:37:59.062,332
2023-12-22 12:37:59.080,310
2023-12-22 12:37:59.082,293
2023-12-22 12:37:59.089,283
2023-12-22 12:37:59.097,278
2023-12-22 12:37:59.109,279
2023-12-22 12:37:59.118,284
2023-12-22 12:37:59.130,289
2023-12-22 12:37:59.138,297
2023-12-22 12:37:59.150,306
2023-12-22 12:37:59.159,315
2023-12-22 12:37:59.171,323
2023-12-22 12:37:59.179,330
2023-12-22 12:37:59.191,337
2023-12-22 12:37:59.200,344
2023-12-22 12:37:59.212,352
2023-12-22 12:37:59.220,360
2023-12-22 12:37:59.232,368
2023-12-22 12:37:59.240,377
2023-12-22 12:37:59.253,385
2023-12-22 12:37:59.261,393
2023-12-22 12:37:59.273,400
2023-12-22 12:37:59.281,407
2023-12-22 12:37:59.294,411
2023-12-22 12:37:59.302,416
2023-12-22 12:37:59.314,420
2023-12-22 12:37:59.322,421
2023-12-22 12:37:59.335,424
2023-12-22 12:37:59.343,428
2023-12-22 12:37:59.355,430
2023-12-22 12:37:59.363,435
2023-12-22 12:37:59.376,437
2023-12-22 12:37:59.384,442
2023-12-22 12:37:59.396,447
2023-12-22 12:37:59.404,450
2023-12-22 12:37:59.417,453
2023-12-22 12:37:59.440,456
2023-12-22 12:37:59.444,457
2023-12-22 12:37:59.451,458
2023-12-22 12:37:59.465,457
2023-12-22 12:37:59.467,455
2023-12-22 12:37:59.478,453
2023-12-22 12:37:59.486,454
2023-12-22 12:37:59.498,460
2023-12-22 12:37:59.511,477
2023-12-22 12:37:59.519,510
2023-12-22 12:37:59.531,567
2023-12-22 12:37:59.539,649
2023-12-22 12:37:59.552,745
2023-12-22 12:37:59.560,864
2023-12-22 12:37:59.572,911
2023-12-22 12:37:59.580,911
2023-12-22 12:37:59.593,911
2023-12-22 12:37:59.601,911
2023-12-22 12:37:59.613,912
2023-12-22 12:37:59.621,911
2023-12-22 12:37:59.634,911
2023-12-22 12:37:59.642,911
2023-12-22 12:37:59.654,911
2023-12-22 12:37:59.662,911
2023-12-22 12:37:59.675,911
2023-12-22 12:37:59.683,911
2023-12-22 12:37:59.695,911
2023-12-22 12:37:59.703,911
2023-12-22 12:37:59.716,911
2023-12-22 12:37:59.724,893
2023-12-22 12:37:59.736,772
2023-12-22 12:37:59.744,655
2023-12-22 12:37:59.756,548
2023-12-22 12:37:59.765,461
2023-12-22 12:37:59.777,381
2023-12-22 12:37:59.785,318
2023-12-22 12:37:59.797,269
2023-12-22 12:37:59.806,238
2023-12-22 12:37:59.818,227
2023-12-22 12:37:59.841,231
2023-12-22 12:37:59.848,253
2023-12-22 12:37:59.852,286
2023-12-22 12:37:59.859,329
2023-12-22 12:37:59.870,378
2023-12-22 12:37:59.879,427
2023-12-22 12:37:59.888,472
2023-12-22 12:37:59.900,511
2023-12-22 12:37:59.908,542
2023-12-22 12:37:59.920,562
2023-12-22 12:37:59.929,572
2023-12-22 12:37:59.941,570
2023-12-22 12:37:59.949,559
2023-12-22 12:37:59.961,541
2023-12-22 12:37:59.970,518
2023-12-22 12:37:59.982,490
2023-12-22 12:37:59.990,460
2023-12-22 12:38:00.002,431
2023-12-22 12:38:00.010,403
2023-12-22 12:38:00.023,379
2023-12-22 12:38:00.031,356
2023-12-22 12:38:00.043,339
2023-12-22 12:38:00.051,325
2023-12-22 12:38:00.064,317
2023-12-22 12:38:00.072,312
2023-12-22 12:38:00.084,313
2023-12-22 12:38:00.092,315
2023-12-22 12:38:00.105,319
2023-12-22 12:38:00.113,325
2023-12-22 12:38:00.125,330
2023-12-22 12:38:00.135,336
2023-12-22 12:38:00.146,343
2023-12-22 12:38:00.154,348
2023-12-22 12:38:00.166,354
2023-12-22 12:38:00.174,359
2023-12-22 12:38:00.187,364
2023-12-22 12:38:00.195,370
2023-12-22 12:38:00.207,373
2023-12-22 12:38:00.219,377
2023-12-22 12:38:00.230,382
2023-12-22 12:38:00.252,388
2023-12-22 12:38:00.256,394
2023-12-22 12:38:00.262,401
2023-12-22 12:38:00.272,408
2023-12-22 12:38:00.281,414
2023-12-22 12:38:00.289,419
2023-12-22 12:38:00.301,425
2023-12-22 12:38:00.309,429
2023-12-22 12:38:00.322,433
2023-12-22 12:38:00.330,436
2023-12-22 12:38:00.342,438
2023-12-22 12:38:00.350,439
2023-12-22 12:38:00.363,440
2023-12-22 12:38:00.371,441
2023-12-22 12:38:00.383,441
2023-12-22 12:38:00.391,440
2023-12-22 12:38:00.404,440
2023-12-22 12:38:00.412,438
2023-12-22 12:38:00.424,438
2023-12-22 12:38:00.432,438
2023-12-22 12:38:00.445,441
2023-12-22 12:38:00.453,445
2023-12-22 12:38:00.465,458
2023-12-22 12:38:00.473,485
2023-12-22 12:38:00.486,531
2023-12-22 12:38:00.494,599
2023-12-22 12:38:00.506,681
2023-12-22 12:38:00.514,788
2023-12-22 12:38:00.527,904
2023-12-22 12:38:00.535,911
2023-12-22 12:38:00.547,911
2023-12-22 12:38:00.555,911
2023-12-22 12:38:00.567,911
2023-12-22 12:38:00.576,911
2023-12-22 12:38:00.588,911
2023-12-22 12:38:00.596,911
2023-12-22 12:38:00.608,911
2023-12-22 12:38:00.617,911
2023-12-22 12:38:00.629,911
2023-12-22 12:38:00.644,911
2023-12-22 12:38:00.657,911
2023-12-22 12:38:00.662,911
2023-12-22 12:38:00.670,911
2023-12-22 12:38:00.678,881
2023-12-22 12:38:00.690,764
2023-12-22 12:38:00.699,655
2023-12-22 12:38:00.711,551
2023-12-22 12:38:00.719,468
2023-12-22 12:38:00.731,391
2023-12-22 12:38:00.739,327
2023-12-22 12:38:00.752,276
2023-12-22 12:38:00.760,241
2023-12-22 12:38:00.772,224
2023-12-22 12:38:00.781,223
2023-12-22 12:38:00.793,237
2023-12-22 12:38:00.801,265
2023-12-22 12:38:00.813,303
2023-12-22 12:38:00.821,347
2023-12-22 12:38:00.834,394
2023-12-22 12:38:00.842,440
2023-12-22 12:38:00.854,482
2023-12-22 12:38:00.862,516
2023-12-22 12:38:00.875,540
2023-12-22 12:38:00.884,556
2023-12-22 12:38:00.895,561
2023-12-22 12:38:00.903,556
2023-12-22 12:38:00.916,542
2023-12-22 12:38:00.924,520
2023-12-22 12:38:00.936,491
2023-12-22 12:38:00.948,459
2023-12-22 12:38:00.957,425
2023-12-22 12:38:00.969,392
2023-12-22 12:38:00.977,360
2023-12-22 12:38:00.998,332
2023-12-22 12:38:01.013,309
2023-12-22 12:38:01.020,292
2023-12-22 12:38:01.027,281
2023-12-22 12:38:01.040,274
2023-12-22 12:38:01.050,272
2023-12-22 12:38:01.056,272
2023-12-22 12:38:01.059,274
2023-12-22 12:38:01.071,277
2023-12-22 12:38:01.085,282
2023-12-22 12:38:01.093,288
2023-12-22 12:38:01.102,292
2023-12-22 12:38:01.112,297
2023-12-22 12:38:01.120,303
2023-12-22 12:38:01.133,310
2023-12-22 12:38:01.142,317
2023-12-22 12:38:01.153,323
2023-12-22 12:38:01.161,330
2023-12-22 12:38:01.174,336
2023-12-22 12:38:01.182,342
2023-12-22 12:38:01.194,347
2023-12-22 12:38:01.202,351
2023-12-22 12:38:01.215,356
2023-12-22 12:38:01.223,359
2023-12-22 12:38:01.235,364
2023-12-22 12:38:01.243,370
2023-12-22 12:38:01.256,375
2023-12-22 12:38:01.264,381
2023-12-22 12:38:01.276,388
2023-12-22 12:38:01.284,393
2023-12-22 12:38:01.297,399
2023-12-22 12:38:01.305,401
2023-12-22 12:38:01.317,400
2023-12-22 12:38:01.325,399
2023-12-22 12:38:01.337,394
2023-12-22 12:38:01.346,389
2023-12-22 12:38:01.358,383
2023-12-22 12:38:01.366,378
2023-12-22 12:38:01.378,373
2023-12-22 12:38:01.387,370
2023-12-22 12:38:01.399,369
2023-12-22 12:38:01.407,372
2023-12-22 12:38:01.419,378
2023-12-22 12:38:01.428,389
2023-12-22 12:38:01.440,414
2023-12-22 12:38:01.448,456
2023-12-22 12:38:01.460,516
2023-12-22 12:38:01.469,599
2023-12-22 12:38:01.496,693
2023-12-22 12:38:01.503,805
2023-12-22 12:38:01.510,910
2023-12-22 12:38:01.529,911
2023-12-22 12:38:01.537,910
2023-12-22 12:38:01.541,911
2023-12-22 12:38:01.551,911
2023-12-22 12:38:01.554,910
2023-12-22 12:38:01.563,910
2023-12-22 12:38:01.571,911
2023-12-22 12:38:01.583,910
2023-12-22 12:38:01.591,910
2023-12-22 12:38:01.604,910
2023-12-22 12:38:01.612,910
2023-12-22 12:38:01.624,861
2023-12-22 12:38:01.632,721
2023-12-22 12:38:01.645,583
2023-12-22 12:38:01.653,457
2023-12-22 12:38:01.665,355
2023-12-22 12:38:01.677,265
2023-12-22 12:38:01.686,193
2023-12-22 12:38:01.698,140
2023-12-22 12:38:01.706,107
2023-12-22 12:38:01.714,90
2023-12-22 12:38:01.727,91
2023-12-22 12:38:01.739,116
2023-12-22 12:38:01.747,149
2023-12-22 12:38:01.759,192
2023-12-22 12:38:01.767,243
2023-12-22 12:38:01.780,298
2023-12-22 12:38:01.788,355
2023-12-22 12:38:01.800,409
2023-12-22 12:38:01.808,458
2023-12-22 12:38:01.821,502
2023-12-22 12:38:01.829,539
2023-12-22 12:38:01.841,565
2023-12-22 12:38:01.849,580
2023-12-22 12:38:01.864,581
2023-12-22 12:38:01.890,565
2023-12-22 12:38:01.895,550
2023-12-22 12:38:01.905,523
2023-12-22 12:38:01.917,487
2023-12-22 12:38:01.925,444
2023-12-22 12:38:01.935,397
2023-12-22 12:38:01.943,350
2023-12-22 12:38:01.950,309
2023-12-22 12:38:01.952,270
2023-12-22 12:38:01.966,236
2023-12-22 12:38:01.972,207
2023-12-22 12:38:01.985,184
2023-12-22 12:38:01.993,165
2023-12-22 12:38:02.005,154
2023-12-22 12:38:02.013,145
2023-12-22 12:38:02.025,144
2023-12-22 12:38:02.034,143
2023-12-22 12:38:02.046,147
2023-12-22 12:38:02.054,153
2023-12-22 12:38:02.066,161
2023-12-22 12:38:02.075,169
2023-12-22 12:38:02.087,180
2023-12-22 12:38:02.095,193
2023-12-22 12:38:02.107,209
2023-12-22 12:38:02.116,226
2023-12-22 12:38:02.128,244
2023-12-22 12:38:02.136,263
2023-12-22 12:38:02.148,282
2023-12-22 12:38:02.157,306
2023-12-22 12:38:02.169,331
2023-12-22 12:38:02.177,359
2023-12-22 12:38:02.201,387
2023-12-22 12:38:02.214,408
2023-12-22 12:38:02.221,423
2023-12-22 12:38:02.227,433
2023-12-22 12:38:02.235,441
2023-12-22 12:38:02.242,447
2023-12-22 12:38:02.251,448
2023-12-22 12:38:02.259,445
2023-12-22 12:38:02.271,440
2023-12-22 12:38:02.279,433
2023-12-22 12:38:02.292,424
2023-12-22 12:38:02.300,414
2023-12-22 12:38:02.312,406
2023-12-22 12:38:02.320,402
2023-12-22 12:38:02.333,405
2023-12-22 12:38:02.341,420
2023-12-22 12:38:02.353,453
2023-12-22 12:38:02.361,501
2023-12-22 12:38:02.374,563
2023-12-22 12:38:02.382,638
2023-12-22 12:38:02.394,710
2023-12-22 12:38:02.402,786
2023-12-22 12:38:02.415,857
2023-12-22 12:38:02.423,909
2023-12-22 12:38:02.435,910
2023-12-22 12:38:02.447,910
2023-12-22 12:38:02.456,910
2023-12-22 12:38:02.468,910
2023-12-22 12:38:02.476,910
2023-12-22 12:38:02.488,860
2023-12-22 12:38:02.496,796
2023-12-22 12:38:02.514,728
2023-12-22 12:38:02.525,659
2023-12-22 12:38:02.550,591
2023-12-22 12:38:02.558,528
2023-12-22 12:38:02.566,478
2023-12-22 12:38:02.569,425
2023-12-22 12:38:02.583,372
2023-12-22 12:38:02.586,320
2023-12-22 12:38:02.597,271
2023-12-22 12:38:02.600,226
2023-12-22 12:38:02.614,189
2023-12-22 12:38:02.622,161
2023-12-22 12:38:02.632,146
2023-12-22 12:38:02.640,142
2023-12-22 12:38:02.652,150
2023-12-22 12:38:02.660,168
2023-12-22 12:38:02.673,194
2023-12-22 12:38:02.681,227
2023-12-22 12:38:02.693,264
2023-12-22 12:38:02.701,302
2023-12-22 12:38:02.714,337
2023-12-22 12:38:02.722,369
2023-12-22 12:38:02.734,396
2023-12-22 12:38:02.742,420
2023-12-22 12:38:02.755,437
2023-12-22 12:38:02.763,448
2023-12-22 12:38:02.775,455
2023-12-22 12:38:02.783,457
2023-12-22 12:38:02.796,455
2023-12-22 12:38:02.823,450
2023-12-22 12:38:02.830,443
2023-12-22 12:38:02.840,430
2023-12-22 12:38:02.846,414
2023-12-22 12:38:02.852,396
2023-12-22 12:38:02.858,375
2023-12-22 12:38:02.866,355
2023-12-22 12:38:02.877,337
2023-12-22 12:38:02.888,320
2023-12-22 12:38:02.898,308
2023-12-22 12:38:02.906,300
2023-12-22 12:38:02.918,296
2023-12-22 12:38:02.927,297
2023-12-22 12:38:02.939,301
2023-12-22 12:38:02.947,308
2023-12-22 12:38:02.959,319
2023-12-22 12:38:02.967,329
2023-12-22 12:38:02.980,341
2023-12-22 12:38:02.988,352
2023-12-22 12:38:03.000,364
2023-12-22 12:38:03.008,373
2023-12-22 12:38:03.021,381
2023-12-22 12:38:03.029,389
2023-12-22 12:38:03.041,395
2023-12-22 12:38:03.049,400
2023-12-22 12:38:03.062,403
2023-12-22 12:38:03.070,405
2023-12-22 12:38:03.082,405
2023-12-22 12:38:03.090,405
2023-12-22 12:38:03.103,405
2023-12-22 12:38:03.111,405
2023-12-22 12:38:03.123,404
2023-12-22 12:38:03.131,404
2023-12-22 12:38:03.144,407
2023-12-22 12:38:03.152,412
2023-12-22 12:38:03.164,428
2023-12-22 12:38:03.187,454
2023-12-22 12:38:03.193,491
2023-12-22 12:38:03.214,539
2023-12-22 12:38:03.217,595
2023-12-22 12:38:03.232,644
2023-12-22 12:38:03.235,695
2023-12-22 12:38:03.249,736
2023-12-22 12:38:03.251,763
2023-12-22 12:38:03.265,775
2023-12-22 12:38:03.268,773
2023-12-22 12:38:03.284,757
2023-12-22 12:38:03.287,730
2023-12-22 12:38:03.300,695
2023-12-22 12:38:03.308,654
2023-12-22 12:38:03.320,608
2023-12-22 12:38:03.328,563
2023-12-22 12:38:03.340,528
2023-12-22 12:38:03.350,489
2023-12-22 12:38:03.361,454
2023-12-22 12:38:03.369,423
2023-12-22 12:38:03.381,398
2023-12-22 12:38:03.389,377
2023-12-22 12:38:03.402,359
2023-12-22 12:38:03.410,344
2023-12-22 12:38:03.422,334
2023-12-22 12:38:03.430,328
2023-12-22 12:38:03.443,326
2023-12-22 12:38:03.451,329
2023-12-22 12:38:03.463,338
2023-12-22 12:38:03.471,353
2023-12-22 12:38:03.484,372
2023-12-22 12:38:03.492,396
2023-12-22 12:38:03.504,422
2023-12-22 12:38:03.512,449
2023-12-22 12:38:03.543,475
2023-12-22 12:38:03.549,501
2023-12-22 12:38:03.559,524
2023-12-22 12:38:03.569,546
2023-12-22 12:38:03.577,564
2023-12-22 12:38:03.583,577
2023-12-22 12:38:03.591,586
2023-12-22 12:38:03.600,583
2023-12-22 12:38:03.615,580
2023-12-22 12:38:03.622,585
2023-12-22 12:38:03.628,573
2023-12-22 12:38:03.636,573
2023-12-22 12:38:03.647,566
2023-12-22 12:38:03.656,557
2023-12-22 12:38:03.668,549
2023-12-22 12:38:03.676,540
2023-12-22 12:38:03.688,534
2023-12-22 12:38:03.697,528
2023-12-22 12:38:03.709,526
2023-12-22 12:38:03.717,526
2023-12-22 12:38:03.729,525
2023-12-22 12:38:03.738,527
2023-12-22 12:38:03.750,530
2023-12-22 12:38:03.758,534
2023-12-22 12:38:03.770,540
2023-12-22 12:38:03.779,546
2023-12-22 12:38:03.791,554
2023-12-22 12:38:03.799,561
2023-12-22 12:38:03.811,570
2023-12-22 12:38:03.819,578
2023-12-22 12:38:03.832,586
2023-12-22 12:38:03.840,586
2023-12-22 12:38:03.852,591
2023-12-22 12:38:03.860,597
2023-12-22 12:38:03.873,601
2023-12-22 12:38:03.881,604
2023-12-22 12:38:03.893,605
2023-12-22 12:38:03.905,606
2023-12-22 12:38:03.914,605
2023-12-22 12:38:03.939,606
2023-12-22 12:38:03.951,607
2023-12-22 12:38:03.960,609
2023-12-22 12:38:03.971,619
2023-12-22 12:38:03.979,640
2023-12-22 12:38:03.984,677
2023-12-22 12:38:03.997,736
2023-12-22 12:38:04.000,814
2023-12-22 12:38:04.015,909
2023-12-22 12:38:04.023,910
2023-12-22 12:38:04.032,910
2023-12-22 12:38:04.036,910
2023-12-22 12:38:04.051,911
2023-12-22 12:38:04.059,910
2023-12-22 12:38:04.069,911
2023-12-22 12:38:04.078,910
2023-12-22 12:38:04.090,910
2023-12-22 12:38:04.098,910
2023-12-22 12:38:04.110,911
2023-12-22 12:38:04.118,911
2023-12-22 12:38:04.131,910
2023-12-22 12:38:04.139,910
2023-12-22 12:38:04.151,910
2023-12-22 12:38:04.162,910
2023-12-22 12:38:04.172,911
2023-12-22 12:38:04.180,911
2023-12-22 12:38:04.192,911
2023-12-22 12:38:04.200,911
2023-12-22 12:38:04.213,911
2023-12-22 12:38:04.221,911
2023-12-22 12:38:04.234,911
2023-12-22 12:38:04.260,911
2023-12-22 12:38:04.267,911
2023-12-22 12:38:04.286,911
2023-12-22 12:38:04.294,911
2023-12-22 12:38:04.300,910
2023-12-22 12:38:04.308,910
2023-12-22 12:38:04.313,911
2023-12-22 12:38:04.324,911
2023-12-22 12:38:04.327,911
2023-12-22 12:38:04.338,831
2023-12-22 12:38:04.344,745
2023-12-22 12:38:04.356,668
2023-12-22 12:38:04.364,603
2023-12-22 12:38:04.376,547
2023-12-22 12:38:04.385,510
2023-12-22 12:38:04.397,480
2023-12-22 12:38:04.405,459
2023-12-22 12:38:04.417,444
2023-12-22 12:38:04.426,437
2023-12-22 12:38:04.438,434
2023-12-22 12:38:04.446,435
2023-12-22 12:38:04.458,438
2023-12-22 12:38:04.467,442
2023-12-22 12:38:04.479,444
2023-12-22 12:38:04.487,446
2023-12-22 12:38:04.499,446
2023-12-22 12:38:04.507,446
2023-12-22 12:38:04.520,448
2023-12-22 12:38:04.528,449
2023-12-22 12:38:04.540,450
2023-12-22 12:38:04.548,453
2023-12-22 12:38:04.561,458
2023-12-22 12:38:04.569,464
2023-12-22 12:38:04.581,468
2023-12-22 12:38:04.589,471
2023-12-22 12:38:04.602,473
2023-12-22 12:38:04.610,473
2023-12-22 12:38:04.642,472
2023-12-22 12:38:04.649,470
2023-12-22 12:38:04.668,466
2023-12-22 12:38:04.672,461
2023-12-22 12:38:04.682,455
2023-12-22 12:38:04.690,448
2023-12-22 12:38:04.700,440
2023-12-22 12:38:04.716,432
2023-12-22 12:38:04.719,427
2023-12-22 12:38:04.733,424
2023-12-22 12:38:04.740,423
2023-12-22 12:38:04.749,425
2023-12-22 12:38:04.758,426
2023-12-22 12:38:04.767,428
2023-12-22 12:38:04.781,431
2023-12-22 12:38:04.784,435
2023-12-22 12:38:04.798,441
2023-12-22 12:38:04.805,449
2023-12-22 12:38:04.816,463
2023-12-22 12:38:04.832,487
2023-12-22 12:38:04.835,525
2023-12-22 12:38:04.851,583
2023-12-22 12:38:04.854,652
2023-12-22 12:38:04.867,744
2023-12-22 12:38:04.875,851
2023-12-22 12:38:04.885,911
2023-12-22 12:38:04.899,911
2023-12-22 12:38:04.907,911
2023-12-22 12:38:04.916,911
2023-12-22 12:38:04.924,911
2023-12-22 12:38:04.933,911
2023-12-22 12:38:04.955,911
2023-12-22 12:38:04.980,911
2023-12-22 12:38:04.988,911
2023-12-22 12:38:05.000,911
2023-12-22 12:38:05.008,910
2023-12-22 12:38:05.014,910
2023-12-22 12:38:05.025,910
2023-12-22 12:38:05.028,910
2023-12-22 12:38:05.047,910
2023-12-22 12:38:05.053,911
2023-12-22 12:38:05.061,911
2023-12-22 12:38:05.069,910
2023-12-22 12:38:05.079,843
2023-12-22 12:38:05.085,747
2023-12-22 12:38:05.092,655
2023-12-22 12:38:05.101,566
2023-12-22 12:38:05.117,497
2023-12-22 12:38:05.120,437
2023-12-22 12:38:05.132,391
2023-12-22 12:38:05.141,364
2023-12-22 12:38:05.151,353
2023-12-22 12:38:05.165,356
2023-12-22 12:38:05.168,371
2023-12-22 12:38:05.183,397
2023-12-22 12:38:05.191,426
2023-12-22 12:38:05.200,457
2023-12-22 12:38:05.215,489
2023-12-22 12:38:05.219,515
2023-12-22 12:38:05.232,538
2023-12-22 12:38:05.236,551
2023-12-22 12:38:05.251,556
2023-12-22 12:38:05.263,551
2023-12-22 12:38:05.298,539
2023-12-22 12:38:05.305,522
2023-12-22 12:38:05.318,496
2023-12-22 12:38:05.321,471
2023-12-22 12:38:05.339,444
2023-12-22 12:38:05.350,417
2023-12-22 12:38:05.360,394
2023-12-22 12:38:05.365,374
2023-12-22 12:38:05.374,358
2023-12-22 12:38:05.385,349
2023-12-22 12:38:05.393,344
2023-12-22 12:38:05.402,343
2023-12-22 12:38:05.409,348
2023-12-22 12:38:05.418,353
2023-12-22 12:38:05.433,363
2023-12-22 12:38:05.441,373
2023-12-22 12:38:05.451,382
2023-12-22 12:38:05.454,393
2023-12-22 12:38:05.466,403
2023-12-22 12:38:05.482,413
2023-12-22 12:38:05.491,422
2023-12-22 12:38:05.496,430
2023-12-22 12:38:05.506,435
2023-12-22 12:38:05.514,440
2023-12-22 12:38:05.520,441
2023-12-22 12:38:05.531,440
2023-12-22 12:38:05.541,436
2023-12-22 12:38:05.551,432
2023-12-22 12:38:05.558,427
2023-12-22 12:38:05.568,421
2023-12-22 12:38:05.577,417
2023-12-22 12:38:05.604,416
2023-12-22 12:38:05.616,420
2023-12-22 12:38:05.628,428
2023-12-22 12:38:05.637,439
2023-12-22 12:38:05.651,451
2023-12-22 12:38:05.657,464
2023-12-22 12:38:05.663,473
2023-12-22 12:38:05.673,479
2023-12-22 12:38:05.683,483
2023-12-22 12:38:05.693,484
2023-12-22 12:38:05.700,484
2023-12-22 12:38:05.709,490
2023-12-22 12:38:05.720,506
2023-12-22 12:38:05.726,539
2023-12-22 12:38:05.741,593
2023-12-22 12:38:05.753,659
2023-12-22 12:38:05.759,748
2023-12-22 12:38:05.769,846
2023-12-22 12:38:05.779,911
2023-12-22 12:38:05.790,911
2023-12-22 12:38:05.801,911
2023-12-22 12:38:05.808,911
2023-12-22 12:38:05.817,911
2023-12-22 12:38:05.833,911
2023-12-22 12:38:05.851,911
2023-12-22 12:38:05.857,911
2023-12-22 12:38:05.864,911
2023-12-22 12:38:05.875,911
2023-12-22 12:38:05.890,911
2023-12-22 12:38:05.899,911
2023-12-22 12:38:05.904,911
2023-12-22 12:38:05.926,816
2023-12-22 12:38:05.950,726
2023-12-22 12:38:05.958,640
2023-12-22 12:38:05.970,562
2023-12-22 12:38:05.982,499
2023-12-22 12:38:05.993,440
2023-12-22 12:38:06.004,387
2023-12-22 12:38:06.010,342
2023-12-22 12:38:06.018,310
2023-12-22 12:38:06.033,288
2023-12-22 12:38:06.047,279
2023-12-22 12:38:06.052,282
2023-12-22 12:38:06.063,297
2023-12-22 12:38:06.074,320
2023-12-22 12:38:06.088,349
2023-12-22 12:38:06.100,382
2023-12-22 12:38:06.106,417
2023-12-22 12:38:06.116,450
2023-12-22 12:38:06.127,479
2023-12-22 12:38:06.138,501
2023-12-22 12:38:06.150,515
2023-12-22 12:38:06.160,522
2023-12-22 12:38:06.168,521
2023-12-22 12:38:06.181,512
2023-12-22 12:38:06.194,496
2023-12-22 12:38:06.204,477
2023-12-22 12:38:06.210,453
2023-12-22 12:38:06.220,428
2023-12-22 12:38:06.236,405
2023-12-22 12:38:06.250,381
2023-12-22 12:38:06.255,362
2023-12-22 12:38:06.266,346
2023-12-22 12:38:06.277,334
2023-12-22 12:38:06.312,325
2023-12-22 12:38:06.318,321
2023-12-22 12:38:06.335,320
2023-12-22 12:38:06.344,321
2023-12-22 12:38:06.354,325
2023-12-22 12:38:06.360,330
2023-12-22 12:38:06.371,337
2023-12-22 12:38:06.384,343
2023-12-22 12:38:06.397,351
2023-12-22 12:38:06.407,358
2023-12-22 12:38:06.417,365
2023-12-22 12:38:06.428,370
2023-12-22 12:38:06.440,375
2023-12-22 12:38:06.451,378
2023-12-22 12:38:06.461,382
2023-12-22 12:38:06.469,385
2023-12-22 12:38:06.483,387
2023-12-22 12:38:06.492,387
2023-12-22 12:38:06.501,387
2023-12-22 12:38:06.511,388
2023-12-22 12:38:06.522,389
2023-12-22 12:38:06.536,389
2023-12-22 12:38:06.549,388
2023-12-22 12:38:06.556,389
2023-12-22 12:38:06.567,388
2023-12-22 12:38:06.578,387
2023-12-22 12:38:06.589,384
2023-12-22 12:38:06.601,383
2023-12-22 12:38:06.623,381
2023-12-22 12:38:06.649,382
